,METRICS,VALUE
0,Validity,0.4883
1,Unique,0.9993856235920541
2,Qed,0.8080836530354615
3,LogP,2.473781824697929
