,METRICS,VALUE
0,Validity,0.7867
1,Unique,0.9996186602262616
2,Qed,0.5594628100785599
3,LogP,3.498659819499185
