,METRICS,VALUE
0,Validity,0.9942666666666666
1,Unique,0.9492087971033928
2,Qed,0.8066490478235993
3,LogP,2.446083309977201
