,METRICS,VALUE
0,Validity,0.7888
1,Unique,0.9902805949966194
2,Qed,0.5687976590625651
3,LogP,3.497057604800531
