,METRICS,VALUE
0,Validity,0.9304
1,Unique,0.9986385783892233
2,Qed,0.8045403858788758
3,LogP,2.4276507165376984
