valid,unique@1000,unique@10000,FCD/Test,SNN/Test,Frag/Test,Scaf/Test,FCD/TestSF,SNN/TestSF,Frag/TestSF,Scaf/TestSF,IntDiv,IntDiv2,Filters,logP,SA,QED,weight,Novelty,model_name,sample length
1.0,1.0,1.0,4.31820356575971,0.4069396336309469,0.8741425248716028,0.4855465548637343,4.648494955358025,0.3988490385546174,0.8780340510123888,0.148964489905273,0.8748202752295078,0.8693615746514597,0.932699567574988,0.295237949791417,0.6241855349987764,0.1226818148039529,7.18580568584887,1.0,Etienne_VAE_latent_22_onlynew,29138
1.0,1.0,1.0,4.973938918232747,0.3955520778173658,0.814882469720982,0.4192826799804394,5.271988635240277,0.3880334769939914,0.8185614640283975,0.1563917471700783,0.879730166894527,0.8745040916795158,0.9356571151380756,0.282993660831777,0.7301595848322857,0.1275422184835281,7.084529646539469,1.0,Etienne_VAE_latent_15_onlynew,28861
1.0,1.0,1.0,2.2651821920497355,0.4367460512265563,0.981419377364988,0.4788697941557013,2.548466495020108,0.4261507536381483,0.97910540358651,0.1185197014988225,0.8716742557763671,0.8662536513941144,0.9674,0.3398933475692268,0.495078682772202,0.0456076251415715,7.073844111708723,0.9951,Etienne_VAE_latent_15,29013
1.0,1.0,1.0,1.4747485652022476,0.4619915251320144,1.0,0.7573929035889267,1.78738603855615,0.4497863781330367,1.0,0.1688277671730603,0.8643579040594451,0.8589531923394499,0.9669817736670294,0.2455284737769127,0.3397761708679748,0.0229276711175629,7.262216733538076,0.9908862136978848,Etienne_VAE_latent_22,29408
1.0,1.0,1.0,4.271515518548725,0.4070875613879954,0.8782225471237548,0.5147047700607471,4.589853694928401,0.3986424879884176,0.8820916151036057,0.1234622307086136,0.8748339114198304,0.869367484191851,0.9340221756891284,0.2960553966642914,0.6312020480624692,0.1219193631227272,7.097681532835956,1.0,Etienne_VAE_latent_22_onlynew_2,29131
1.0,1.0,1.0,4.9568397994909645,0.39627523979803714,0.8203358462836534,0.4245973821481974,5.242778003957817,0.3884608152949069,0.8242030758369476,0.1484218102174033,0.8793502398215363,0.874157222707095,0.9375151704289331,0.2764346038418967,0.7268101677188344,0.1266944783228916,7.204273453610505,1.0,Etienne_VAE_latent_15_onlynew_2,28839
