valid,unique@1000,unique@10000,FCD/Test,SNN/Test,Frag/Test,Scaf/Test,FCD/TestSF,SNN/TestSF,Frag/TestSF,Scaf/TestSF,IntDiv,IntDiv2,Filters,logP,SA,QED,weight,Novelty,model_name,sample length
0.9905333333333334,0.998,0.9742,0.7504356311393963,0.6542770749692369,0.992274674874257,0.8390159629740804,1.2817968955999248,0.5952667519741031,0.9908246618393906,0.0390531865824068,0.849698291873972,0.8432117339328377,0.9985193161932966,0.10839616057274,0.056367290088383,0.0041553699826752,6.48924054656467,0.6335177533440717,MolGPT_moses_clearSMILES_BEP_3,15000
0.8029333333333333,0.995,0.9527,0.8918954051817991,0.6385192410498907,0.9900549818827074,0.8545006250016788,1.609345867900828,0.5846271121429668,0.986168577043498,0.04476255358841108,0.8503681575526596,0.8436603831911081,0.9861341746927931,0.29746295761747,0.060373603867130095,0.004714519871136655,13.189915837873832,0.6989030276437034,MolGPT_moses_canonical_BEP_3,15000
