valid,unique@1000,unique@10000,FCD/Test,SNN/Test,Frag/Test,Scaf/Test,FCD/TestSF,SNN/TestSF,Frag/TestSF,Scaf/TestSF,IntDiv,IntDiv2,Filters,logP,SA,QED,weight,Novelty,model_name,sample length
0.0003999999999999,1.0,1.0,57.72462478544006,0.2006709203124046,0.0,,58.68060786897023,0.1767857186496257,0.0,,0.5702380910515785,0.4227731399503779,1.0,2.161588580823973,0.288277794802324,0.3576490454572049,250.89116591603536,1.0,MolGPT_moses_ClearSMILES_corrected_characterlevel_1,10000
9.999999999998899e-05,1.0,1.0,,0.11999999731779099,0.0,,,0.10000000149011612,0.0,,0.0,0.0,1.0,2.8362239054602054,0.43709193023071874,0.42137671613932925,275.1924159160354,1.0,MolGPT_moses_ClearSMILES_corrected_characterlevel_2,10000
