,METRICS,VALUE
0,Validity,0.9847
1,Unique,0.9865949020006093
2,Qed,0.8125551287311993
3,LogP,2.4744475992688115
