,METRICS,VALUE
0,Validity,0.5056
1,Unique,0.9685522151898734
2,Qed,0.4112579989747723
3,LogP,1.2452677479999987
