,METRICS,VALUE
0,Validity,0.8618
1,Unique,0.986191691807844
2,Qed,0.5412859701226311
3,LogP,3.6840543091978426
