,METRICS,VALUE
0,Validity,0.7576
1,Unique,0.9833685322069694
2,Qed,0.7219331095041623
3,LogP,2.7195840430306277
